{"frames":[{"filename":"title0","frame":{"x":0,"y":0,"w":1000,"h":600},"rotated":false,"trimmed":false,"spriteSourceSize":{"x":0,"y":0,"w":1000,"h":600},"sourceSize":{"w":1000,"h":600}},{"filename":"title1","frame":{"x":0,"y":601,"w":1000,"h":600},"rotated":false,"trimmed":false,"spriteSourceSize":{"x":0,"y":0,"w":1000,"h":600},"sourceSize":{"w":1000,"h":600}},{"filename":"title2","frame":{"x":0,"y":1202,"w":1000,"h":600},"rotated":false,"trimmed":false,"spriteSourceSize":{"x":0,"y":0,"w":1000,"h":600},"sourceSize":{"w":1000,"h":600}},{"filename":"titlem1","frame":{"x":1001,"y":0,"w":1000,"h":600},"rotated":false,"trimmed":false,"spriteSourceSize":{"x":0,"y":0,"w":1000,"h":600},"sourceSize":{"w":1000,"h":600}},{"filename":"titlem2","frame":{"x":1001,"y":601,"w":1000,"h":600},"rotated":false,"trimmed":false,"spriteSourceSize":{"x":0,"y":0,"w":1000,"h":600},"sourceSize":{"w":1000,"h":600}},{"filename":"titlem3","frame":{"x":1001,"y":1202,"w":1000,"h":600},"rotated":false,"trimmed":false,"spriteSourceSize":{"x":0,"y":0,"w":1000,"h":600},"sourceSize":{"w":1000,"h":600}},{"filename":"titlep","frame":{"x":0,"y":1803,"w":1000,"h":600},"rotated":false,"trimmed":false,"spriteSourceSize":{"x":0,"y":0,"w":1000,"h":600},"sourceSize":{"w":1000,"h":600}},{"filename":"titler1","frame":{"x":1001,"y":1803,"w":1000,"h":600},"rotated":false,"trimmed":false,"spriteSourceSize":{"x":0,"y":0,"w":1000,"h":600},"sourceSize":{"w":1000,"h":600}},{"filename":"titler2","frame":{"x":2002,"y":0,"w":1000,"h":600},"rotated":false,"trimmed":false,"spriteSourceSize":{"x":0,"y":0,"w":1000,"h":600},"sourceSize":{"w":1000,"h":600}},{"filename":"titler3","frame":{"x":2002,"y":601,"w":1000,"h":600},"rotated":false,"trimmed":false,"spriteSourceSize":{"x":0,"y":0,"w":1000,"h":600},"sourceSize":{"w":1000,"h":600}},{"filename":"titler4","frame":{"x":2002,"y":1202,"w":1000,"h":600},"rotated":false,"trimmed":false,"spriteSourceSize":{"x":0,"y":0,"w":1000,"h":600},"sourceSize":{"w":1000,"h":600}},{"filename":"titler5","frame":{"x":2002,"y":1803,"w":1000,"h":600},"rotated":false,"trimmed":false,"spriteSourceSize":{"x":0,"y":0,"w":1000,"h":600},"sourceSize":{"w":1000,"h":600}},{"filename":"titler6","frame":{"x":0,"y":2404,"w":1000,"h":600},"rotated":false,"trimmed":false,"spriteSourceSize":{"x":0,"y":0,"w":1000,"h":600},"sourceSize":{"w":1000,"h":600}},{"filename":"titlel1","frame":{"x":1001,"y":2404,"w":1000,"h":600},"rotated":false,"trimmed":false,"spriteSourceSize":{"x":0,"y":0,"w":1000,"h":600},"sourceSize":{"w":1000,"h":600}},{"filename":"titlel2","frame":{"x":2002,"y":2404,"w":1000,"h":600},"rotated":false,"trimmed":false,"spriteSourceSize":{"x":0,"y":0,"w":1000,"h":600},"sourceSize":{"w":1000,"h":600}},{"filename":"titlel3","frame":{"x":0,"y":3005,"w":1000,"h":600},"rotated":false,"trimmed":false,"spriteSourceSize":{"x":0,"y":0,"w":1000,"h":600},"sourceSize":{"w":1000,"h":600}},{"filename":"titlel4","frame":{"x":1001,"y":3005,"w":1000,"h":600},"rotated":false,"trimmed":false,"spriteSourceSize":{"x":0,"y":0,"w":1000,"h":600},"sourceSize":{"w":1000,"h":600}},{"filename":"titlel5","frame":{"x":2002,"y":3005,"w":1000,"h":600},"rotated":false,"trimmed":false,"spriteSourceSize":{"x":0,"y":0,"w":1000,"h":600},"sourceSize":{"w":1000,"h":600}},{"filename":"titlel6","frame":{"x":3003,"y":0,"w":1000,"h":600},"rotated":false,"trimmed":false,"spriteSourceSize":{"x":0,"y":0,"w":1000,"h":600},"sourceSize":{"w":1000,"h":600}},{"filename":"titlem","frame":{"x":3003,"y":601,"w":1000,"h":600},"rotated":false,"trimmed":false,"spriteSourceSize":{"x":0,"y":0,"w":1000,"h":600},"sourceSize":{"w":1000,"h":600}},{"filename":"titlee","frame":{"x":3003,"y":1202,"w":1000,"h":600},"rotated":false,"trimmed":false,"spriteSourceSize":{"x":0,"y":0,"w":1000,"h":600},"sourceSize":{"w":1000,"h":600}},{"filename":"titlesd","frame":{"x":3003,"y":1803,"w":1000,"h":600},"rotated":false,"trimmed":false,"spriteSourceSize":{"x":0,"y":0,"w":1000,"h":600},"sourceSize":{"w":1000,"h":600}}],"meta":{"app":"https://www.leshylabs.com/apps/sstool/","version":"Leshy SpriteSheet Tool v0.8.4","image":"titlesheet.png","size":{"w":4003,"h":3605},"scale":1}}