{"frames":[{"filename":"player04","frame":{"x":0,"y":0,"w":65,"h":65},"rotated":false,"trimmed":false,"spriteSourceSize":{"x":0,"y":0,"w":65,"h":65},"sourceSize":{"w":65,"h":65}},{"filename":"player05","frame":{"x":0,"y":66,"w":65,"h":65},"rotated":false,"trimmed":false,"spriteSourceSize":{"x":0,"y":0,"w":65,"h":65},"sourceSize":{"w":65,"h":65}},{"filename":"player06","frame":{"x":66,"y":0,"w":65,"h":65},"rotated":false,"trimmed":false,"spriteSourceSize":{"x":0,"y":0,"w":65,"h":65},"sourceSize":{"w":65,"h":65}},{"filename":"player07","frame":{"x":66,"y":66,"w":65,"h":65},"rotated":false,"trimmed":false,"spriteSourceSize":{"x":0,"y":0,"w":65,"h":65},"sourceSize":{"w":65,"h":65}},{"filename":"player08","frame":{"x":0,"y":132,"w":65,"h":65},"rotated":false,"trimmed":false,"spriteSourceSize":{"x":0,"y":0,"w":65,"h":65},"sourceSize":{"w":65,"h":65}},{"filename":"player09","frame":{"x":66,"y":132,"w":65,"h":65},"rotated":false,"trimmed":false,"spriteSourceSize":{"x":0,"y":0,"w":65,"h":65},"sourceSize":{"w":65,"h":65}},{"filename":"player01","frame":{"x":132,"y":0,"w":65,"h":65},"rotated":false,"trimmed":false,"spriteSourceSize":{"x":0,"y":0,"w":65,"h":65},"sourceSize":{"w":65,"h":65}},{"filename":"player02","frame":{"x":132,"y":66,"w":65,"h":65},"rotated":false,"trimmed":false,"spriteSourceSize":{"x":0,"y":0,"w":65,"h":65},"sourceSize":{"w":65,"h":65}},{"filename":"player03","frame":{"x":132,"y":132,"w":65,"h":65},"rotated":false,"trimmed":false,"spriteSourceSize":{"x":0,"y":0,"w":65,"h":65},"sourceSize":{"w":65,"h":65}}],"meta":{"app":"https://www.leshylabs.com/apps/sstool/","version":"Leshy SpriteSheet Tool v0.8.4","image":"player.png","size":{"w":197,"h":197},"scale":1}}